Village,Village_grp
ahero,ahero
arahuka,Other
arahuke,Other
arahuko,Other
ashule,Other
bahati,bahati
civil,Other
gilgil,Other
gitwamba,Other
heshima,heshima
jomo,Other
kabari,Other
kabatini,Other
kabazi,kabazi
karahuke,Other
karinga,Other
karonga,Other
kiamaina,Other
kiamunyi,Other
kigogo,Other
kihoho,Other
kirima,Other
kitur,Other
mail sita,Other
maili kumi,maili kumi
maili sita,maili sita
maili tisa,Other
mailisita,Other
mataara,Other
mawanga,Other
ndabibi,Other
ndodori,Other
nyakinyua,Other
poshomill,Other
resono,Other
rigogo,Other
risas,Other
solai,solai
subukia,Other
wanyororo,wanyororo
